"Status","Start Time","Stop Time","Duration in ms","Parent Suite","Suite","Sub Suite","Test Class","Test Method","Name","Description"
"passed","Mon Aug 19 10:32:16 CST 2019","Mon Aug 19 10:32:16 CST 2019","0","","test_1","","","","test_8",""
"passed","Mon Aug 19 10:32:16 CST 2019","Mon Aug 19 10:32:16 CST 2019","0","","test_1","","","","test_9",""
"passed","Mon Aug 19 10:32:16 CST 2019","Mon Aug 19 10:32:16 CST 2019","0","","test_1","","","","test_2",""
"passed","Mon Aug 19 10:32:16 CST 2019","Mon Aug 19 10:32:16 CST 2019","1","","test_1","","","","test_10",""
"failed","Mon Aug 19 10:32:16 CST 2019","Mon Aug 19 10:32:16 CST 2019","0","","test_1","","","","test_4","
    这是对函数的参数，返回值的注释
    "
"passed","Mon Aug 19 10:32:16 CST 2019","Mon Aug 19 10:32:16 CST 2019","0","","test_1","","","","test_5",""
"passed","Mon Aug 19 10:32:16 CST 2019","Mon Aug 19 10:32:16 CST 2019","0","","test_1","","","","test_7",""
"passed","Mon Aug 19 10:32:16 CST 2019","Mon Aug 19 10:32:16 CST 2019","0","","test_1","","","","test_11",""
"passed","Mon Aug 19 10:32:16 CST 2019","Mon Aug 19 10:32:16 CST 2019","1","","test_1","","","","test_1",""
"passed","Mon Aug 19 10:32:16 CST 2019","Mon Aug 19 10:32:16 CST 2019","0","","test_1","","","","test_6",""
"failed","Mon Aug 19 10:32:16 CST 2019","Mon Aug 19 10:32:16 CST 2019","0","","test_1","","","","test_3",""
